"seed","input_1","input_2","input_3","input_1_hex","input_2_hex","input_3_hex","input_1_binary","input_2_binary","input_3_binary","structural_complexity","statistical_complexity"
"1659","254455333","858348474","1426953035","0x0f2aae25","0x33295bba","0x550d934b","00001111001010101010111000100101","00110011001010010101101110111010","01010101000011011001001101001011","20","0.99718"
"2090","253160033","858878634","1428841653","0x0f16ea61","0x333172aa","0x552a64b5","00001111000101101110101001100001","00110011001100010111001010101010","01010101001010100110010010110101","20","0.99718"
"2496","262294250","866151211","1433851602","0x0fa24aea","0x33a06b2b","0x5576d6d2","00001111101000100100101011101010","00110011101000000110101100101011","01010101011101101101011011010010","19.6667","0.994353"
"354","258649782","861336531","1428825217","0x0f6aaeb6","0x3356f3d3","0x552a2481","00001111011010101010111010110110","00110011010101101111001111010011","01010101001010100010010010000001","19.3333","0.96385"
"569","262908343","860394282","1432180763","0x0faba9b7","0x3348932a","0x555d581b","00001111101010111010100110110111","00110011010010001001001100101010","01010101010111010101100000011011","19.3333","0.982993"
"575","254365461","858105014","1436800353","0x0f294f15","0x3325a4b6","0x55a3d561","00001111001010010100111100010101","00110011001001011010010010110110","01010101101000111101010101100001","19.3333","0.99812"
"857","255503195","867949900","1435817265","0x0f3aab5b","0x33bbdd4c","0x5594d531","00001111001110101010101101011011","00110011101110111101110101001100","01010101100101001101010100110001","19.3333","0.986789"
"903","257116631","861583651","1432087282","0x0f5349d7","0x335ab923","0x555beaf2","00001111010100110100100111010111","00110011010110101011100100100011","01010101010110111110101011110010","19.3333","0.990556"
"1348","252665156","862364589","1433570133","0x0f0f5d44","0x3366a3ad","0x55728b55","00001111000011110101110101000100","00110011011001101010001110101101","01010101011100101000101101010101","19.3333","0.99812"
"1787","256756562","865434797","1430433393","0x0f4dcb52","0x33957cad","0x5542ae71","00001111010011011100101101010010","00110011100101010111110010101101","01010101010000101010111001110001","19.3333","0.995293"
"1365","253626147","869859342","1435474160","0x0f1e0723","0x33d9000e","0x558f98f0","00001111000111100000011100100011","00110011110110010000000000001110","01010101100011111001100011110000","11","0.981044"
"1983","262901758","868945696","1441529859","0x0fab8ffe","0x33cb0f20","0x55ec0003","00001111101010111000111111111110","00110011110010110000111100100000","01010101111011000000000000000011","11","0.948474"
"2422","266993164","872015903","1438393120","0x0fe9fe0c","0x33f9e81f","0x55bc2320","00001111111010011111111000001100","00110011111110011110100000011111","01010101101111000010001100100000","11","0.979226"
"2435","256872195","869852024","1442809826","0x0f4f8f03","0x33d8e378","0x55ff87e2","00001111010011111000111100000011","00110011110110001110001101111000","01010101111111111000011111100010","11","0.983871"
"191","264238992","870400479","1426359279","0x0fbff790","0x33e141df","0x550483ef","00001111101111111111011110010000","00110011111000010100000111011111","01010101000001001000001111101111","11.3333","0.982931"
"2268","268156659","869257339","1426079350","0x0ffbbef3","0x33cfd07b","0x55003e76","00001111111110111011111011110011","00110011110011111101000001111011","01010101000000000011111001110110","11.3333","0.940112"
"59","267633018","870432741","1442168816","0x0ff3c17a","0x33e1bfe5","0x55f5bff0","00001111111100111100000101111010","00110011111000011011111111100101","01010101111101011011111111110000","11.6667","0.957165"
"1053","261648391","871460799","1430136515","0x0f987007","0x33f16fbf","0x553e26c3","00001111100110000111000000000111","00110011111100010110111110111111","01010101001111100010011011000011","11.6667","0.956842"
"2238","260539421","863926467","1436535833","0x0f87841d","0x337e78c3","0x559fcc19","00001111100001111000010000011101","00110011011111100111100011000011","01010101100111111100110000011001","11.6667","0.991526"
"12","259054788","857607116","1433944056","0x0f70dcc4","0x331e0bcc","0x55783ff8","00001111011100001101110011000100","00110011000111100000101111001100","01010101011110000011111111111000","12","0.989616"
