,NAND_NOT,AND_NOT,ORN_NOT,OR_NOT,ANDN_NOT,NOR_NOT,XOR_NOT,EQU_NOT,NOT_NAND,AND_NAND,ORN_NAND,OR_NAND,ANDN_NAND,NOR_NAND,XOR_NAND,EQU_NAND,NOT_AND,NAND_AND,ORN_AND,OR_AND,ANDN_AND,NOR_AND,XOR_AND,EQU_AND,NOT_ORN,NAND_ORN,AND_ORN,OR_ORN,ANDN_ORN,NOR_ORN,XOR_ORN,EQU_ORN,NOT_OR,NAND_OR,AND_OR,ORN_OR,ANDN_OR,NOR_OR,XOR_OR,EQU_OR,NOT_ANDN,NAND_ANDN,AND_ANDN,ORN_ANDN,OR_ANDN,NOR_ANDN,XOR_ANDN,EQU_ANDN,NOT_NOR,NAND_NOR,AND_NOR,ORN_NOR,OR_NOR,ANDN_NOR,XOR_NOR,EQU_NOR,NOT_XOR,NAND_XOR,AND_XOR,ORN_XOR,OR_XOR,ANDN_XOR,NOR_XOR,EQU_XOR,NOT_EQU,NAND_EQU,AND_EQU,ORN_EQU,OR_EQU,ANDN_EQU,NOR_EQU,XOR_EQU
NAND_NOT,0.000,0.099,0.194,0.000,0.000,0.000,0.000,0.026,0.151,0.256,0.000,0.000,0.000,0.000,0.000,0.000,0.000,0.000,0.000,0.156,0.000,0.000,0.000,0.303,0.038,0.000,0.000,0.000,0.131,0.000,0.000,0.000,0.000,0.000,0.000,0.000,0.000,0.333,0.000,0.000,0.000,0.000,0.000,0.000,0.000,0.000,0.195,0.000,0.000,0.000,0.000,0.000,0.000,0.000,0.000,0.358,0.000,0.000,0.000,0.000,0.167,0.000,0.000,0.000,0.171,0.000,0.000,0.263,0.000,0.000,0.158,0.000
AND_NOT,0.000,0.000,0.059,0.285,0.000,0.000,0.000,0.000,0.000,0.000,0.000,0.197,0.000,0.000,0.302,0.000,0.000,0.000,0.000,0.000,0.055,0.000,0.000,0.000,0.000,0.000,0.000,0.255,0.000,0.270,0.000,0.000,0.000,0.000,0.000,0.000,0.000,0.000,0.226,0.053,0.000,0.000,0.000,0.000,0.000,0.000,0.000,0.144,0.049,0.000,0.000,0.000,0.043,0.000,0.000,0.000,0.315,0.279,0.000,0.000,0.000,0.000,0.000,0.000,0.000,0.329,0.000,0.000,0.000,0.000,0.139,0.000
ORN_NOT,0.000,0.000,0.000,0.000,0.009,0.000,0.000,0.321,0.000,0.000,0.000,0.187,0.000,0.000,0.000,0.000,0.146,0.155,0.000,0.000,0.000,0.232,0.000,0.000,0.000,0.090,0.165,0.000,0.000,0.000,0.000,0.000,0.097,0.000,0.000,0.000,0.000,0.000,0.248,0.327,0.000,0.000,0.275,0.000,0.000,0.000,0.000,0.079,0.000,0.000,0.000,0.229,0.000,0.000,0.000,0.000,0.000,0.000,0.000,0.000,0.140,0.000,0.000,0.000,0.000,0.056,0.000,0.000,0.000,0.245,0.000,0.000
OR_NOT,0.000,0.000,0.000,0.000,0.000,0.000,0.231,0.000,0.000,0.000,0.206,0.051,0.000,0.139,0.000,0.000,0.093,0.000,0.000,0.000,0.000,0.000,0.000,0.311,0.000,0.000,0.217,0.105,0.000,0.000,0.000,0.000,0.000,0.160,0.000,0.000,0.000,0.000,0.137,0.000,0.135,0.000,0.117,0.105,0.000,0.000,0.135,0.000,0.000,0.000,0.000,0.000,0.000,0.000,0.000,0.281,0.000,0.000,0.140,0.134,0.006,0.000,0.000,0.000,0.138,0.000,0.000,0.000,0.159,0.000,0.000,0.000
ANDN_NOT,0.000,0.000,0.000,0.000,0.000,0.142,0.000,0.000,0.000,0.000,0.031,0.349,0.000,0.000,0.000,0.000,0.000,0.000,0.000,0.351,0.000,0.000,0.000,0.000,0.000,0.000,0.000,0.000,0.277,0.000,0.000,0.000,0.000,0.165,0.000,0.000,0.069,0.308,0.000,0.000,0.000,0.022,0.000,0.000,0.000,0.000,0.000,0.000,0.000,0.000,0.354,0.000,0.138,0.000,0.000,0.098,0.000,0.000,0.000,0.090,0.000,0.000,0.000,0.000,0.056,0.000,0.282,0.000,0.269,0.000,0.000,0.000
NOR_NOT,0.000,0.000,0.000,0.000,0.000,0.000,0.000,0.000,0.000,0.274,0.308,0.000,0.000,0.000,0.310,0.000,0.000,0.000,0.000,0.047,0.000,0.000,0.000,0.017,0.000,0.000,0.000,0.266,0.048,0.000,0.000,0.000,0.170,0.200,0.000,0.000,0.132,0.228,0.000,0.000,0.000,0.000,0.000,0.000,0.000,0.246,0.000,0.000,0.000,0.000,0.000,0.000,0.000,0.104,0.311,0.000,0.000,0.000,0.000,0.000,0.000,0.060,0.000,0.000,0.000,0.000,0.000,0.017,0.260,0.000,0.000,0.000
XOR_NOT,0.000,0.000,0.000,0.000,0.000,0.000,0.000,0.000,0.000,0.052,0.000,0.000,0.175,0.000,0.063,0.000,0.000,0.000,0.233,0.000,0.000,0.000,0.181,0.000,0.136,0.000,0.122,0.157,0.000,0.226,0.000,0.000,0.000,0.000,0.000,0.000,0.000,0.000,0.000,0.000,0.091,0.000,0.000,0.000,0.112,0.000,0.000,0.000,0.172,0.000,0.203,0.000,0.000,0.115,0.164,0.000,0.180,0.192,0.000,0.000,0.000,0.030,0.020,0.000,0.000,0.099,0.156,0.000,0.000,0.000,0.121,0.000
EQU_NOT,0.000,0.000,0.000,0.000,0.000,0.000,0.000,0.000,0.000,0.000,0.272,0.000,0.014,0.000,0.000,0.000,0.267,0.045,0.000,0.000,0.150,0.050,0.000,0.000,0.000,0.033,0.000,0.000,0.194,0.268,0.072,0.000,0.000,0.023,0.023,0.000,0.245,0.000,0.261,0.000,0.000,0.000,0.000,0.000,0.000,0.216,0.252,0.000,0.000,0.000,0.000,0.000,0.000,0.000,0.000,0.204,0.000,0.000,0.000,0.000,0.000,0.000,0.198,0.000,0.000,0.000,0.212,0.000,0.000,0.000,0.000,0.000
NOT_NAND,0.000,0.000,0.000,0.000,0.000,0.000,0.000,0.000,0.000,0.005,0.000,0.212,0.221,0.140,0.000,0.158,0.000,0.161,0.000,0.000,0.000,0.000,0.000,0.000,0.000,0.000,0.000,0.235,0.000,0.000,0.000,0.012,0.000,0.158,0.245,0.081,0.000,0.000,0.000,0.000,0.000,0.000,0.283,0.137,0.035,0.000,0.000,0.000,0.000,0.000,0.000,0.000,0.000,0.000,0.000,0.000,0.000,0.278,0.000,0.000,0.096,0.000,0.000,0.065,0.000,0.218,0.000,0.000,0.000,0.259,0.000,0.000
AND_NAND,0.000,0.000,0.000,0.000,0.000,0.000,0.056,0.025,0.052,0.000,0.077,0.142,0.110,0.000,0.005,0.060,0.071,0.009,0.000,0.127,0.052,0.000,0.080,0.000,0.037,0.055,0.073,0.000,0.130,0.000,0.000,0.090,0.127,0.000,0.090,0.000,0.000,0.103,0.000,0.000,0.049,0.049,0.000,0.144,0.005,0.143,0.000,0.067,0.000,0.068,0.111,0.008,0.087,0.000,0.112,0.022,0.018,0.139,0.121,0.097,0.011,0.006,0.035,0.034,0.000,0.008,0.008,0.000,0.000,0.055,0.000,0.029
ORN_NAND,0.000,0.000,0.038,0.000,0.000,0.000,0.101,0.034,0.070,0.000,0.000,0.075,0.098,0.000,0.000,0.000,0.107,0.082,0.025,0.000,0.000,0.083,0.057,0.087,0.000,0.121,0.073,0.000,0.000,0.106,0.000,0.004,0.000,0.013,0.075,0.045,0.093,0.000,0.011,0.000,0.000,0.030,0.106,0.000,0.000,0.087,0.097,0.118,0.040,0.089,0.106,0.048,0.112,0.000,0.052,0.000,0.089,0.071,0.042,0.038,0.045,0.000,0.000,0.000,0.000,0.106,0.000,0.018,0.051,0.069,0.063,0.125
OR_NAND,0.000,0.039,0.000,0.000,0.000,0.000,0.152,0.000,0.000,0.000,0.092,0.000,0.011,0.000,0.000,0.000,0.000,0.150,0.165,0.000,0.044,0.125,0.082,0.000,0.169,0.095,0.021,0.064,0.064,0.142,0.074,0.033,0.000,0.044,0.063,0.000,0.095,0.169,0.066,0.000,0.000,0.000,0.043,0.000,0.000,0.000,0.020,0.078,0.000,0.000,0.006,0.019,0.000,0.000,0.146,0.078,0.000,0.000,0.000,0.084,0.000,0.000,0.091,0.061,0.003,0.000,0.000,0.119,0.070,0.077,0.000,0.145
ANDN_NAND,0.000,0.074,0.000,0.000,0.000,0.022,0.000,0.000,0.107,0.000,0.089,0.000,0.000,0.070,0.007,0.014,0.045,0.106,0.079,0.007,0.000,0.097,0.062,0.000,0.110,0.031,0.069,0.106,0.043,0.016,0.000,0.000,0.000,0.066,0.000,0.065,0.000,0.003,0.000,0.000,0.000,0.059,0.105,0.007,0.098,0.061,0.101,0.000,0.000,0.069,0.101,0.052,0.000,0.038,0.067,0.058,0.015,0.018,0.069,0.091,0.000,0.038,0.000,0.069,0.059,0.069,0.099,0.074,0.061,0.083,0.044,0.109
NOR_NAND,0.100,0.000,0.000,0.000,0.000,0.000,0.000,0.157,0.000,0.107,0.000,0.064,0.000,0.000,0.144,0.000,0.127,0.037,0.000,0.008,0.039,0.151,0.000,0.099,0.025,0.093,0.000,0.000,0.025,0.065,0.000,0.000,0.136,0.042,0.000,0.006,0.096,0.023,0.027,0.000,0.107,0.027,0.000,0.000,0.000,0.054,0.066,0.000,0.103,0.014,0.137,0.000,0.000,0.150,0.049,0.000,0.000,0.000,0.113,0.000,0.107,0.000,0.072,0.000,0.000,0.153,0.065,0.000,0.012,0.155,0.034,0.011
XOR_NAND,0.000,0.040,0.000,0.001,0.000,0.000,0.000,0.012,0.000,0.044,0.000,0.016,0.039,0.067,0.000,0.061,0.079,0.000,0.000,0.114,0.081,0.000,0.000,0.127,0.029,0.057,0.080,0.077,0.025,0.094,0.029,0.097,0.000,0.001,0.035,0.021,0.010,0.080,0.000,0.098,0.000,0.115,0.056,0.024,0.029,0.102,0.013,0.071,0.000,0.045,0.042,0.132,0.000,0.085,0.031,0.138,0.000,0.066,0.120,0.081,0.000,0.113,0.000,0.086,0.006,0.053,0.000,0.066,0.000,0.007,0.000,0.106
EQU_NAND,0.000,0.038,0.000,0.000,0.000,0.000,0.124,0.019,0.000,0.092,0.050,0.108,0.052,0.052,0.070,0.000,0.087,0.000,0.076,0.051,0.008,0.000,0.127,0.098,0.028,0.048,0.005,0.000,0.029,0.000,0.071,0.000,0.047,0.020,0.069,0.054,0.058,0.034,0.038,0.046,0.139,0.000,0.107,0.009,0.001,0.000,0.037,0.072,0.071,0.037,0.133,0.057,0.044,0.101,0.050,0.000,0.026,0.000,0.054,0.000,0.008,0.000,0.011,0.079,0.080,0.022,0.094,0.026,0.057,0.000,0.085,0.000
NOT_AND,0.000,0.000,0.057,0.000,0.000,0.000,0.000,0.000,0.111,0.000,0.066,0.126,0.096,0.000,0.008,0.027,0.000,0.030,0.089,0.083,0.000,0.000,0.093,0.131,0.000,0.000,0.000,0.016,0.000,0.000,0.000,0.070,0.000,0.000,0.000,0.066,0.000,0.167,0.130,0.000,0.000,0.000,0.127,0.060,0.000,0.000,0.081,0.000,0.000,0.000,0.090,0.102,0.000,0.000,0.130,0.075,0.016,0.126,0.163,0.161,0.120,0.000,0.009,0.000,0.000,0.000,0.128,0.000,0.089,0.000,0.158,0.000
NAND_AND,0.000,0.000,0.000,0.000,0.000,0.000,0.000,0.006,0.000,0.000,0.008,0.000,0.134,0.000,0.057,0.000,0.000,0.000,0.000,0.080,0.000,0.000,0.044,0.086,0.030,0.096,0.115,0.035,0.000,0.000,0.032,0.085,0.000,0.000,0.000,0.012,0.122,0.000,0.049,0.089,0.085,0.079,0.000,0.127,0.000,0.000,0.151,0.063,0.014,0.135,0.000,0.035,0.150,0.000,0.086,0.138,0.021,0.000,0.000,0.131,0.000,0.072,0.000,0.052,0.080,0.061,0.053,0.148,0.000,0.091,0.064,0.084
ORN_AND,0.000,0.000,0.104,0.000,0.000,0.000,0.058,0.093,0.000,0.000,0.081,0.015,0.000,0.000,0.031,0.003,0.025,0.000,0.000,0.000,0.104,0.086,0.000,0.000,0.068,0.000,0.000,0.000,0.044,0.018,0.000,0.075,0.041,0.127,0.000,0.081,0.059,0.075,0.066,0.025,0.070,0.000,0.076,0.040,0.121,0.083,0.086,0.000,0.018,0.021,0.122,0.000,0.129,0.097,0.002,0.033,0.062,0.047,0.113,0.037,0.105,0.000,0.016,0.130,0.111,0.000,0.025,0.000,0.073,0.000,0.105,0.000
OR_AND,0.000,0.000,0.000,0.000,0.067,0.000,0.000,0.098,0.041,0.000,0.000,0.000,0.045,0.083,0.126,0.000,0.047,0.113,0.000,0.000,0.000,0.087,0.088,0.000,0.096,0.135,0.000,0.015,0.000,0.016,0.139,0.000,0.000,0.121,0.107,0.098,0.000,0.007,0.000,0.125,0.000,0.028,0.000,0.000,0.048,0.030,0.000,0.000,0.019,0.069,0.097,0.000,0.130,0.059,0.000,0.000,0.140,0.126,0.072,0.000,0.000,0.113,0.096,0.000,0.132,0.044,0.000,0.000,0.000,0.121,0.023,0.000
ANDN_AND,0.000,0.000,0.000,0.000,0.000,0.000,0.100,0.000,0.000,0.102,0.061,0.000,0.119,0.061,0.019,0.012,0.000,0.057,0.066,0.033,0.000,0.127,0.098,0.000,0.088,0.000,0.121,0.000,0.014,0.000,0.059,0.131,0.061,0.053,0.005,0.070,0.097,0.010,0.032,0.000,0.000,0.016,0.123,0.034,0.000,0.055,0.017,0.102,0.000,0.132,0.033,0.000,0.000,0.083,0.046,0.072,0.078,0.000,0.067,0.000,0.059,0.000,0.060,0.000,0.000,0.000,0.074,0.069,0.051,0.107,0.035,0.092
NOR_AND,0.000,0.000,0.000,0.000,0.000,0.000,0.070,0.093,0.000,0.000,0.154,0.143,0.000,0.000,0.007,0.000,0.117,0.000,0.115,0.000,0.034,0.000,0.090,0.064,0.000,0.048,0.000,0.081,0.095,0.032,0.000,0.023,0.000,0.100,0.054,0.023,0.000,0.038,0.132,0.034,0.000,0.000,0.062,0.012,0.064,0.000,0.079,0.092,0.000,0.000,0.000,0.123,0.000,0.090,0.000,0.130,0.000,0.102,0.056,0.116,0.000,0.000,0.077,0.064,0.088,0.000,0.051,0.066,0.000,0.126,0.000,0.055
XOR_AND,0.080,0.000,0.000,0.000,0.000,0.000,0.000,0.082,0.107,0.000,0.121,0.115,0.045,0.000,0.000,0.119,0.000,0.011,0.000,0.078,0.000,0.105,0.000,0.000,0.085,0.142,0.145,0.079,0.115,0.057,0.037,0.000,0.133,0.000,0.013,0.000,0.132,0.046,0.000,0.000,0.014,0.092,0.000,0.000,0.009,0.000,0.000,0.140,0.032,0.000,0.000,0.100,0.009,0.106,0.000,0.026,0.057,0.026,0.106,0.059,0.041,0.020,0.000,0.000,0.059,0.000,0.089,0.000,0.135,0.000,0.030,0.000
EQU_AND,0.060,0.000,0.000,0.000,0.000,0.000,0.000,0.000,0.113,0.073,0.000,0.000,0.133,0.000,0.009,0.000,0.127,0.000,0.000,0.000,0.102,0.165,0.152,0.000,0.000,0.029,0.077,0.000,0.000,0.142,0.068,0.000,0.000,0.028,0.000,0.000,0.000,0.020,0.054,0.000,0.000,0.155,0.000,0.167,0.000,0.157,0.000,0.041,0.000,0.028,0.002,0.163,0.000,0.062,0.009,0.113,0.000,0.151,0.000,0.119,0.000,0.010,0.000,0.000,0.000,0.123,0.000,0.000,0.000,0.153,0.092,0.100
NOT_ORN,0.000,0.000,0.000,0.000,0.000,0.000,0.000,0.049,0.094,0.036,0.000,0.011,0.068,0.127,0.000,0.000,0.126,0.030,0.056,0.000,0.000,0.139,0.000,0.000,0.000,0.000,0.107,0.000,0.000,0.117,0.071,0.000,0.000,0.000,0.028,0.004,0.119,0.034,0.119,0.108,0.117,0.048,0.017,0.042,0.000,0.101,0.053,0.051,0.000,0.000,0.110,0.026,0.000,0.008,0.057,0.140,0.000,0.000,0.112,0.051,0.016,0.131,0.028,0.066,0.033,0.000,0.084,0.053,0.000,0.094,0.085,0.036
NAND_ORN,0.000,0.000,0.000,0.000,0.000,0.000,0.000,0.057,0.047,0.000,0.110,0.000,0.121,0.111,0.110,0.084,0.118,0.000,0.012,0.000,0.109,0.000,0.085,0.000,0.037,0.000,0.000,0.009,0.034,0.024,0.000,0.057,0.010,0.126,0.000,0.003,0.099,0.000,0.113,0.012,0.000,0.000,0.002,0.091,0.000,0.000,0.106,0.022,0.058,0.012,0.087,0.107,0.000,0.000,0.106,0.066,0.037,0.000,0.077,0.067,0.000,0.000,0.115,0.127,0.094,0.000,0.071,0.055,0.110,0.083,0.001,0.016
AND_ORN,0.000,0.000,0.000,0.000,0.000,0.000,0.047,0.000,0.021,0.000,0.056,0.039,0.000,0.091,0.087,0.075,0.046,0.071,0.024,0.092,0.000,0.000,0.102,0.096,0.070,0.011,0.000,0.110,0.022,0.000,0.000,0.079,0.081,0.000,0.046,0.000,0.028,0.087,0.004,0.101,0.089,0.000,0.000,0.107,0.038,0.021,0.000,0.095,0.080,0.061,0.000,0.018,0.072,0.000,0.000,0.066,0.037,0.019,0.067,0.073,0.109,0.060,0.082,0.030,0.123,0.006,0.000,0.053,0.112,0.000,0.000,0.096
OR_ORN,0.139,0.000,0.000,0.000,0.000,0.162,0.000,0.000,0.064,0.000,0.000,0.000,0.107,0.068,0.000,0.000,0.122,0.000,0.168,0.000,0.113,0.129,0.000,0.000,0.033,0.093,0.000,0.000,0.061,0.063,0.000,0.000,0.000,0.047,0.092,0.000,0.000,0.110,0.000,0.140,0.000,0.078,0.028,0.000,0.000,0.123,0.013,0.132,0.000,0.163,0.000,0.000,0.000,0.097,0.000,0.000,0.000,0.028,0.142,0.000,0.000,0.057,0.000,0.155,0.000,0.105,0.081,0.035,0.000,0.053,0.000,0.000
ANDN_ORN,0.000,0.041,0.016,0.000,0.000,0.000,0.000,0.000,0.075,0.006,0.000,0.019,0.110,0.040,0.074,0.115,0.011,0.034,0.126,0.000,0.119,0.094,0.000,0.000,0.051,0.082,0.000,0.000,0.000,0.003,0.002,0.000,0.000,0.050,0.070,0.057,0.058,0.082,0.040,0.000,0.000,0.037,0.124,0.000,0.038,0.112,0.116,0.000,0.000,0.020,0.053,0.047,0.000,0.007,0.128,0.023,0.050,0.089,0.100,0.000,0.000,0.087,0.016,0.000,0.000,0.107,0.091,0.000,0.117,0.027,0.119,0.118
NOR_ORN,0.000,0.117,0.000,0.000,0.000,0.000,0.000,0.000,0.000,0.024,0.068,0.000,0.000,0.035,0.085,0.036,0.000,0.052,0.088,0.000,0.000,0.091,0.122,0.076,0.040,0.008,0.108,0.000,0.000,0.000,0.079,0.023,0.033,0.000,0.078,0.096,0.000,0.000,0.044,0.036,0.000,0.000,0.062,0.008,0.115,0.083,0.014,0.037,0.073,0.000,0.105,0.095,0.000,0.000,0.044,0.085,0.000,0.097,0.064,0.088,0.000,0.000,0.089,0.100,0.080,0.097,0.051,0.038,0.000,0.015,0.098,0.122
XOR_ORN,0.000,0.000,0.000,0.000,0.000,0.000,0.125,0.092,0.043,0.109,0.009,0.021,0.015,0.007,0.064,0.114,0.000,0.029,0.096,0.121,0.000,0.002,0.125,0.123,0.000,0.000,0.125,0.024,0.000,0.000,0.000,0.019,0.005,0.102,0.000,0.122,0.015,0.000,0.000,0.029,0.124,0.070,0.000,0.021,0.010,0.025,0.000,0.044,0.087,0.000,0.000,0.018,0.096,0.125,0.000,0.113,0.098,0.000,0.073,0.089,0.016,0.096,0.000,0.059,0.116,0.000,0.000,0.108,0.015,0.000,0.000,0.060
EQU_ORN,0.000,0.000,0.000,0.000,0.050,0.000,0.000,0.119,0.085,0.000,0.000,0.031,0.028,0.000,0.000,0.052,0.133,0.000,0.000,0.074,0.071,0.034,0.105,0.055,0.026,0.000,0.000,0.002,0.127,0.000,0.002,0.000,0.028,0.057,0.000,0.000,0.084,0.130,0.070,0.000,0.086,0.132,0.053,0.000,0.067,0.081,0.000,0.000,0.084,0.020,0.000,0.000,0.083,0.098,0.000,0.000,0.111,0.036,0.000,0.082,0.058,0.038,0.132,0.000,0.132,0.132,0.000,0.118,0.020,0.073,0.000,0.000
NOT_OR,0.000,0.000,0.036,0.000,0.000,0.027,0.000,0.000,0.119,0.142,0.120,0.039,0.106,0.000,0.000,0.000,0.071,0.000,0.139,0.075,0.039,0.000,0.081,0.026,0.101,0.000,0.000,0.141,0.125,0.000,0.045,0.000,0.000,0.038,0.000,0.006,0.000,0.102,0.012,0.000,0.106,0.022,0.050,0.000,0.000,0.038,0.057,0.000,0.000,0.092,0.000,0.123,0.000,0.101,0.000,0.003,0.109,0.046,0.000,0.017,0.013,0.013,0.000,0.126,0.043,0.144,0.000,0.110,0.000,0.107,0.000,0.093
NAND_OR,0.117,0.000,0.000,0.000,0.000,0.000,0.000,0.000,0.000,0.148,0.027,0.064,0.000,0.077,0.000,0.041,0.000,0.090,0.000,0.042,0.032,0.074,0.000,0.000,0.074,0.035,0.000,0.000,0.077,0.010,0.000,0.047,0.131,0.000,0.071,0.000,0.021,0.000,0.117,0.047,0.010,0.120,0.031,0.070,0.000,0.009,0.034,0.085,0.046,0.000,0.130,0.131,0.000,0.000,0.120,0.000,0.144,0.061,0.050,0.000,0.014,0.132,0.030,0.000,0.084,0.143,0.056,0.000,0.088,0.000,0.068,0.000
AND_OR,0.000,0.000,0.000,0.000,0.000,0.000,0.000,0.102,0.052,0.000,0.000,0.040,0.000,0.000,0.122,0.000,0.049,0.000,0.052,0.000,0.005,0.086,0.000,0.227,0.166,0.177,0.000,0.000,0.124,0.104,0.000,0.000,0.011,0.000,0.000,0.000,0.000,0.082,0.000,0.000,0.222,0.184,0.000,0.000,0.234,0.000,0.000,0.248,0.000,0.056,0.000,0.111,0.000,0.000,0.022,0.000,0.000,0.000,0.105,0.000,0.000,0.139,0.000,0.000,0.000,0.057,0.000,0.000,0.068,0.159,0.000,0.000
ORN_OR,0.000,0.000,0.000,0.000,0.000,0.000,0.000,0.058,0.112,0.000,0.035,0.049,0.000,0.121,0.179,0.000,0.000,0.039,0.162,0.163,0.136,0.126,0.113,0.000,0.000,0.050,0.000,0.041,0.017,0.000,0.000,0.000,0.006,0.000,0.155,0.000,0.000,0.110,0.008,0.000,0.014,0.000,0.010,0.006,0.133,0.000,0.000,0.113,0.000,0.084,0.000,0.058,0.000,0.000,0.077,0.000,0.098,0.065,0.045,0.000,0.000,0.085,0.098,0.170,0.000,0.017,0.000,0.144,0.035,0.000,0.034,0.035
ANDN_OR,0.000,0.000,0.000,0.000,0.000,0.000,0.014,0.096,0.000,0.111,0.068,0.000,0.099,0.104,0.119,0.000,0.039,0.124,0.000,0.083,0.096,0.037,0.000,0.025,0.005,0.000,0.125,0.133,0.000,0.000,0.084,0.061,0.000,0.010,0.046,0.130,0.000,0.000,0.007,0.055,0.000,0.053,0.109,0.000,0.000,0.068,0.124,0.033,0.079,0.000,0.088,0.067,0.096,0.000,0.000,0.113,0.054,0.108,0.000,0.042,0.000,0.092,0.013,0.000,0.015,0.000,0.000,0.044,0.000,0.000,0.134,0.000
NOR_OR,0.000,0.000,0.000,0.000,0.037,0.000,0.000,0.000,0.000,0.077,0.000,0.003,0.103,0.056,0.000,0.046,0.000,0.000,0.085,0.047,0.007,0.000,0.090,0.000,0.000,0.024,0.057,0.022,0.000,0.000,0.122,0.103,0.107,0.000,0.000,0.103,0.046,0.000,0.000,0.000,0.115,0.107,0.000,0.000,0.108,0.000,0.082,0.087,0.000,0.000,0.048,0.033,0.100,0.000,0.114,0.040,0.033,0.000,0.114,0.062,0.136,0.093,0.102,0.000,0.000,0.000,0.109,0.124,0.133,0.110,0.017,0.000
XOR_OR,0.000,0.000,0.000,0.000,0.000,0.054,0.000,0.000,0.130,0.000,0.068,0.131,0.000,0.000,0.090,0.000,0.000,0.012,0.040,0.000,0.000,0.000,0.108,0.056,0.081,0.028,0.056,0.000,0.000,0.000,0.071,0.032,0.095,0.000,0.022,0.000,0.000,0.000,0.000,0.135,0.049,0.106,0.126,0.070,0.000,0.100,0.036,0.005,0.126,0.000,0.000,0.071,0.000,0.131,0.116,0.018,0.000,0.144,0.000,0.041,0.077,0.000,0.000,0.118,0.000,0.103,0.000,0.121,0.108,0.110,0.000,0.014
EQU_OR,0.000,0.119,0.000,0.000,0.000,0.069,0.000,0.024,0.000,0.004,0.077,0.104,0.013,0.046,0.039,0.104,0.068,0.082,0.023,0.085,0.000,0.132,0.000,0.007,0.017,0.000,0.000,0.127,0.031,0.000,0.000,0.080,0.002,0.115,0.000,0.038,0.121,0.000,0.085,0.000,0.075,0.088,0.002,0.031,0.038,0.000,0.010,0.000,0.019,0.074,0.074,0.080,0.136,0.026,0.005,0.079,0.102,0.048,0.000,0.067,0.133,0.016,0.000,0.053,0.018,0.000,0.000,0.012,0.120,0.039,0.046,0.000
NOT_ANDN,0.062,0.000,0.000,0.000,0.000,0.000,0.000,0.066,0.082,0.003,0.049,0.000,0.064,0.102,0.115,0.000,0.116,0.093,0.025,0.041,0.045,0.000,0.120,0.005,0.001,0.000,0.000,0.001,0.123,0.072,0.050,0.047,0.057,0.000,0.000,0.019,0.003,0.065,0.000,0.000,0.000,0.110,0.000,0.073,0.000,0.105,0.000,0.128,0.009,0.074,0.000,0.000,0.126,0.015,0.007,0.086,0.000,0.093,0.080,0.120,0.089,0.088,0.000,0.025,0.000,0.067,0.052,0.044,0.060,0.122,0.000,0.000
NAND_ANDN,0.000,0.000,0.108,0.000,0.098,0.000,0.000,0.108,0.078,0.056,0.000,0.067,0.000,0.140,0.000,0.030,0.130,0.020,0.052,0.000,0.000,0.070,0.015,0.022,0.000,0.128,0.012,0.000,0.000,0.053,0.086,0.068,0.000,0.027,0.000,0.069,0.033,0.085,0.000,0.088,0.000,0.000,0.002,0.000,0.026,0.000,0.145,0.000,0.000,0.076,0.057,0.117,0.081,0.128,0.145,0.000,0.065,0.000,0.090,0.000,0.000,0.000,0.094,0.000,0.000,0.079,0.103,0.000,0.005,0.000,0.052,0.091
AND_ANDN,0.000,0.000,0.000,0.092,0.132,0.000,0.000,0.032,0.102,0.000,0.078,0.000,0.048,0.000,0.025,0.129,0.101,0.000,0.066,0.000,0.026,0.069,0.106,0.000,0.000,0.062,0.051,0.000,0.021,0.000,0.053,0.000,0.031,0.000,0.021,0.029,0.057,0.000,0.010,0.000,0.070,0.000,0.000,0.132,0.037,0.000,0.000,0.110,0.033,0.008,0.099,0.093,0.000,0.115,0.000,0.128,0.000,0.026,0.032,0.101,0.000,0.135,0.050,0.045,0.101,0.091,0.055,0.122,0.000,0.000,0.070,0.008
ORN_ANDN,0.000,0.000,0.058,0.000,0.000,0.000,0.000,0.058,0.000,0.006,0.000,0.066,0.000,0.000,0.034,0.014,0.096,0.000,0.000,0.117,0.038,0.000,0.000,0.088,0.052,0.064,0.073,0.120,0.124,0.015,0.000,0.105,0.098,0.096,0.085,0.020,0.000,0.099,0.000,0.063,0.111,0.100,0.100,0.000,0.078,0.000,0.000,0.078,0.004,0.000,0.100,0.048,0.000,0.040,0.000,0.056,0.075,0.114,0.042,0.000,0.032,0.118,0.000,0.036,0.115,0.000,0.000,0.000,0.010,0.037,0.019,0.101
OR_ANDN,0.000,0.023,0.000,0.000,0.000,0.107,0.000,0.000,0.082,0.083,0.000,0.038,0.000,0.000,0.000,0.046,0.076,0.000,0.071,0.000,0.093,0.094,0.105,0.000,0.100,0.000,0.098,0.056,0.028,0.068,0.000,0.097,0.073,0.000,0.116,0.007,0.070,0.000,0.104,0.015,0.088,0.023,0.000,0.000,0.000,0.069,0.000,0.000,0.000,0.007,0.076,0.056,0.053,0.020,0.000,0.000,0.028,0.124,0.094,0.078,0.128,0.006,0.041,0.000,0.000,0.099,0.015,0.130,0.000,0.067,0.028,0.118
NOR_ANDN,0.000,0.000,0.000,0.000,0.000,0.000,0.000,0.011,0.000,0.069,0.074,0.088,0.000,0.083,0.000,0.056,0.027,0.012,0.097,0.000,0.056,0.021,0.000,0.000,0.072,0.038,0.000,0.026,0.094,0.012,0.142,0.000,0.142,0.149,0.000,0.000,0.000,0.050,0.007,0.000,0.124,0.042,0.000,0.052,0.053,0.000,0.095,0.000,0.114,0.000,0.156,0.042,0.000,0.000,0.035,0.164,0.000,0.000,0.101,0.025,0.122,0.000,0.143,0.077,0.000,0.011,0.050,0.091,0.034,0.005,0.136,0.000
XOR_ANDN,0.087,0.000,0.000,0.000,0.104,0.000,0.000,0.026,0.104,0.000,0.062,0.000,0.068,0.074,0.056,0.000,0.014,0.098,0.070,0.000,0.023,0.105,0.102,0.000,0.000,0.004,0.083,0.101,0.000,0.039,0.045,0.000,0.113,0.002,0.105,0.097,0.090,0.000,0.010,0.000,0.000,0.000,0.039,0.000,0.000,0.000,0.000,0.051,0.068,0.000,0.000,0.022,0.055,0.098,0.096,0.108,0.045,0.088,0.000,0.094,0.087,0.000,0.000,0.103,0.104,0.000,0.000,0.066,0.090,0.086,0.000,0.017
EQU_ANDN,0.000,0.000,0.000,0.000,0.000,0.114,0.000,0.046,0.025,0.107,0.000,0.006,0.000,0.099,0.076,0.000,0.141,0.000,0.082,0.000,0.000,0.000,0.155,0.064,0.000,0.142,0.103,0.000,0.000,0.161,0.147,0.077,0.104,0.017,0.000,0.000,0.132,0.000,0.116,0.000,0.000,0.104,0.045,0.042,0.000,0.041,0.000,0.000,0.059,0.000,0.000,0.055,0.023,0.041,0.000,0.000,0.000,0.097,0.000,0.000,0.005,0.000,0.141,0.050,0.000,0.092,0.103,0.000,0.155,0.035,0.000,0.000
NOT_NOR,0.000,0.000,0.000,0.000,0.000,0.148,0.061,0.000,0.000,0.000,0.145,0.168,0.000,0.000,0.162,0.060,0.000,0.000,0.170,0.000,0.000,0.000,0.089,0.000,0.169,0.120,0.057,0.000,0.000,0.000,0.052,0.028,0.000,0.055,0.053,0.000,0.000,0.000,0.193,0.188,0.000,0.000,0.012,0.147,0.000,0.000,0.000,0.107,0.000,0.000,0.000,0.146,0.133,0.000,0.000,0.141,0.000,0.000,0.000,0.000,0.000,0.000,0.000,0.000,0.000,0.084,0.000,0.173,0.000,0.139,0.000,0.000
NAND_NOR,0.000,0.000,0.176,0.000,0.000,0.195,0.000,0.000,0.000,0.041,0.000,0.129,0.000,0.000,0.000,0.000,0.000,0.000,0.038,0.000,0.000,0.000,0.099,0.214,0.079,0.000,0.192,0.153,0.000,0.148,0.122,0.000,0.000,0.000,0.014,0.099,0.000,0.000,0.000,0.121,0.000,0.000,0.000,0.064,0.000,0.000,0.176,0.140,0.000,0.000,0.000,0.006,0.048,0.000,0.000,0.000,0.051,0.000,0.000,0.000,0.121,0.000,0.000,0.000,0.211,0.124,0.000,0.000,0.000,0.238,0.000,0.000
AND_NOR,0.000,0.000,0.000,0.000,0.000,0.051,0.000,0.000,0.000,0.130,0.000,0.000,0.119,0.025,0.000,0.000,0.000,0.092,0.000,0.192,0.004,0.109,0.179,0.000,0.000,0.000,0.025,0.000,0.239,0.000,0.030,0.000,0.124,0.000,0.189,0.000,0.208,0.000,0.158,0.000,0.000,0.000,0.052,0.000,0.000,0.000,0.075,0.000,0.000,0.050,0.000,0.116,0.155,0.109,0.000,0.000,0.040,0.000,0.000,0.000,0.084,0.000,0.000,0.000,0.225,0.033,0.000,0.000,0.125,0.058,0.000,0.000
ORN_NOR,0.153,0.000,0.000,0.000,0.068,0.000,0.000,0.000,0.026,0.040,0.000,0.000,0.067,0.135,0.000,0.028,0.000,0.127,0.000,0.050,0.000,0.009,0.000,0.056,0.000,0.017,0.065,0.110,0.000,0.119,0.057,0.000,0.000,0.106,0.000,0.160,0.000,0.150,0.000,0.000,0.000,0.182,0.000,0.000,0.076,0.011,0.000,0.000,0.182,0.146,0.000,0.000,0.121,0.000,0.026,0.000,0.030,0.000,0.038,0.000,0.000,0.000,0.165,0.049,0.000,0.000,0.104,0.142,0.000,0.000,0.183,0.000
OR_NOR,0.000,0.000,0.049,0.000,0.000,0.000,0.122,0.000,0.000,0.148,0.093,0.000,0.000,0.140,0.089,0.000,0.147,0.000,0.156,0.000,0.058,0.000,0.082,0.000,0.000,0.000,0.105,0.125,0.000,0.000,0.092,0.075,0.000,0.000,0.127,0.000,0.000,0.000,0.146,0.000,0.000,0.000,0.042,0.000,0.000,0.134,0.081,0.142,0.094,0.036,0.053,0.000,0.000,0.085,0.000,0.041,0.000,0.074,0.000,0.001,0.000,0.000,0.000,0.045,0.126,0.000,0.000,0.040,0.146,0.000,0.000,0.107
ANDN_NOR,0.000,0.000,0.000,0.000,0.000,0.000,0.000,0.002,0.000,0.000,0.020,0.094,0.000,0.000,0.000,0.087,0.052,0.163,0.079,0.142,0.000,0.000,0.182,0.000,0.147,0.159,0.074,0.000,0.000,0.000,0.144,0.039,0.000,0.000,0.013,0.000,0.000,0.000,0.053,0.163,0.000,0.000,0.061,0.000,0.000,0.111,0.002,0.104,0.000,0.000,0.048,0.000,0.145,0.000,0.000,0.168,0.000,0.000,0.000,0.136,0.113,0.000,0.012,0.127,0.132,0.000,0.000,0.124,0.000,0.000,0.000,0.104
XOR_NOR,0.000,0.000,0.000,0.000,0.000,0.000,0.000,0.004,0.032,0.021,0.000,0.176,0.000,0.034,0.000,0.015,0.044,0.000,0.000,0.122,0.000,0.000,0.000,0.104,0.002,0.000,0.000,0.158,0.150,0.000,0.179,0.063,0.064,0.000,0.000,0.185,0.000,0.012,0.000,0.066,0.030,0.000,0.000,0.081,0.018,0.154,0.000,0.058,0.009,0.000,0.069,0.008,0.000,0.000,0.000,0.014,0.119,0.088,0.144,0.151,0.176,0.000,0.085,0.000,0.154,0.000,0.065,0.000,0.107,0.041,0.000,0.000
EQU_NOR,0.000,0.109,0.000,0.038,0.000,0.000,0.000,0.000,0.135,0.000,0.000,0.013,0.030,0.000,0.000,0.058,0.080,0.133,0.137,0.000,0.071,0.081,0.008,0.136,0.111,0.107,0.000,0.000,0.118,0.089,0.026,0.000,0.006,0.076,0.000,0.000,0.062,0.019,0.000,0.132,0.072,0.000,0.126,0.023,0.082,0.130,0.131,0.000,0.010,0.002,0.046,0.000,0.007,0.047,0.000,0.000,0.000,0.028,0.053,0.000,0.000,0.074,0.000,0.000,0.088,0.020,0.130,0.000,0.040,0.042,0.072,0.000
NOT_XOR,0.000,0.000,0.000,0.000,0.000,0.000,0.000,0.086,0.000,0.020,0.113,0.000,0.000,0.076,0.081,0.045,0.116,0.117,0.000,0.000,0.000,0.093,0.005,0.000,0.085,0.147,0.042,0.000,0.060,0.121,0.000,0.023,0.000,0.112,0.099,0.012,0.000,0.094,0.024,0.000,0.146,0.032,0.102,0.142,0.000,0.049,0.131,0.000,0.000,0.100,0.000,0.000,0.015,0.003,0.000,0.000,0.000,0.052,0.079,0.136,0.031,0.000,0.011,0.000,0.140,0.000,0.038,0.066,0.061,0.000,0.032,0.062
NAND_XOR,0.000,0.000,0.000,0.000,0.000,0.000,0.055,0.000,0.100,0.128,0.145,0.000,0.000,0.022,0.109,0.123,0.024,0.000,0.139,0.017,0.041,0.089,0.143,0.116,0.000,0.000,0.095,0.067,0.000,0.117,0.025,0.000,0.000,0.000,0.035,0.043,0.000,0.086,0.131,0.000,0.000,0.063,0.151,0.000,0.018,0.000,0.063,0.021,0.085,0.000,0.021,0.056,0.000,0.000,0.009,0.150,0.000,0.000,0.000,0.076,0.000,0.000,0.000,0.101,0.000,0.000,0.000,0.062,0.146,0.000,0.000,0.129
AND_XOR,0.000,0.000,0.000,0.000,0.000,0.000,0.141,0.059,0.000,0.000,0.000,0.070,0.118,0.000,0.000,0.079,0.000,0.000,0.016,0.089,0.085,0.000,0.000,0.068,0.084,0.169,0.000,0.036,0.184,0.000,0.000,0.001,0.000,0.050,0.000,0.168,0.000,0.000,0.000,0.027,0.000,0.128,0.205,0.137,0.022,0.115,0.000,0.053,0.000,0.000,0.000,0.069,0.000,0.000,0.000,0.177,0.000,0.000,0.000,0.000,0.202,0.189,0.000,0.000,0.040,0.121,0.000,0.000,0.098,0.000,0.000,0.000
ORN_XOR,0.000,0.078,0.000,0.000,0.000,0.000,0.000,0.000,0.129,0.000,0.000,0.000,0.032,0.033,0.000,0.000,0.150,0.000,0.000,0.187,0.006,0.126,0.000,0.000,0.191,0.000,0.000,0.000,0.099,0.000,0.000,0.188,0.161,0.189,0.000,0.000,0.074,0.043,0.000,0.000,0.083,0.000,0.000,0.059,0.181,0.000,0.000,0.000,0.162,0.000,0.000,0.000,0.037,0.134,0.000,0.145,0.069,0.000,0.000,0.000,0.000,0.043,0.000,0.000,0.000,0.111,0.075,0.000,0.000,0.047,0.044,0.125
OR_XOR,0.000,0.000,0.000,0.000,0.000,0.000,0.000,0.000,0.000,0.140,0.000,0.164,0.000,0.140,0.073,0.000,0.000,0.019,0.000,0.000,0.000,0.001,0.101,0.156,0.000,0.093,0.019,0.000,0.000,0.095,0.069,0.000,0.000,0.151,0.000,0.000,0.000,0.032,0.091,0.173,0.000,0.066,0.101,0.000,0.026,0.034,0.026,0.000,0.000,0.139,0.102,0.000,0.000,0.159,0.000,0.000,0.000,0.066,0.000,0.000,0.000,0.000,0.175,0.095,0.000,0.000,0.127,0.159,0.000,0.176,0.030,0.000
ANDN_XOR,0.000,0.000,0.000,0.000,0.000,0.000,0.119,0.014,0.000,0.000,0.068,0.156,0.000,0.000,0.010,0.121,0.000,0.000,0.100,0.000,0.000,0.000,0.105,0.027,0.000,0.000,0.058,0.125,0.000,0.000,0.057,0.127,0.000,0.101,0.067,0.000,0.000,0.126,0.153,0.160,0.000,0.042,0.019,0.000,0.124,0.028,0.036,0.000,0.000,0.000,0.061,0.067,0.000,0.000,0.021,0.046,0.150,0.062,0.133,0.000,0.045,0.000,0.040,0.037,0.000,0.000,0.000,0.102,0.000,0.151,0.000,0.140
NOR_XOR,0.000,0.147,0.098,0.000,0.000,0.000,0.000,0.074,0.000,0.000,0.054,0.154,0.026,0.132,0.000,0.036,0.032,0.000,0.000,0.114,0.090,0.000,0.000,0.149,0.000,0.000,0.000,0.109,0.133,0.000,0.082,0.139,0.030,0.089,0.000,0.132,0.000,0.000,0.000,0.154,0.039,0.000,0.000,0.142,0.000,0.000,0.000,0.063,0.075,0.000,0.058,0.005,0.119,0.120,0.000,0.101,0.000,0.000,0.000,0.078,0.010,0.000,0.000,0.000,0.003,0.089,0.000,0.000,0.062,0.000,0.000,0.061
EQU_XOR,0.000,0.000,0.000,0.000,0.000,0.000,0.000,0.000,0.023,0.079,0.000,0.158,0.153,0.000,0.000,0.000,0.092,0.000,0.000,0.052,0.024,0.000,0.024,0.156,0.127,0.010,0.000,0.000,0.172,0.001,0.000,0.000,0.002,0.000,0.000,0.065,0.118,0.000,0.000,0.090,0.150,0.177,0.061,0.000,0.152,0.000,0.000,0.000,0.082,0.138,0.098,0.000,0.114,0.000,0.000,0.000,0.032,0.036,0.000,0.090,0.176,0.086,0.088,0.000,0.000,0.029,0.137,0.000,0.000,0.000,0.006,0.000
NOT_EQU,0.000,0.084,0.000,0.030,0.000,0.000,0.000,0.000,0.163,0.145,0.000,0.173,0.166,0.070,0.000,0.000,0.000,0.043,0.022,0.000,0.000,0.170,0.000,0.000,0.000,0.130,0.000,0.000,0.000,0.137,0.077,0.000,0.000,0.133,0.018,0.000,0.137,0.163,0.009,0.000,0.050,0.142,0.000,0.000,0.000,0.013,0.000,0.000,0.000,0.032,0.075,0.000,0.000,0.007,0.163,0.000,0.000,0.007,0.099,0.000,0.000,0.154,0.000,0.073,0.000,0.000,0.019,0.161,0.000,0.095,0.036,0.000
NAND_EQU,0.000,0.000,0.066,0.000,0.000,0.000,0.067,0.159,0.000,0.180,0.102,0.183,0.000,0.076,0.081,0.000,0.000,0.000,0.093,0.000,0.000,0.000,0.143,0.000,0.000,0.059,0.096,0.053,0.000,0.000,0.017,0.000,0.000,0.000,0.080,0.000,0.000,0.000,0.182,0.000,0.048,0.000,0.090,0.156,0.000,0.000,0.002,0.181,0.000,0.060,0.041,0.000,0.073,0.000,0.018,0.000,0.000,0.000,0.141,0.008,0.000,0.000,0.176,0.000,0.052,0.000,0.000,0.093,0.105,0.000,0.000,0.119
AND_EQU,0.000,0.000,0.000,0.000,0.196,0.000,0.000,0.114,0.017,0.000,0.000,0.087,0.000,0.000,0.000,0.163,0.164,0.000,0.000,0.126,0.068,0.000,0.000,0.157,0.000,0.000,0.000,0.105,0.000,0.000,0.000,0.065,0.000,0.086,0.000,0.169,0.118,0.000,0.051,0.067,0.000,0.000,0.000,0.130,0.000,0.000,0.000,0.012,0.000,0.000,0.000,0.001,0.192,0.000,0.000,0.014,0.205,0.000,0.000,0.100,0.000,0.000,0.206,0.219,0.000,0.000,0.000,0.000,0.003,0.166,0.000,0.000
ORN_EQU,0.000,0.000,0.000,0.216,0.000,0.000,0.000,0.000,0.151,0.108,0.000,0.000,0.065,0.042,0.000,0.127,0.073,0.000,0.000,0.000,0.145,0.000,0.000,0.000,0.067,0.193,0.000,0.000,0.206,0.078,0.148,0.000,0.117,0.071,0.000,0.000,0.051,0.000,0.000,0.000,0.052,0.000,0.091,0.000,0.097,0.103,0.000,0.000,0.025,0.000,0.000,0.025,0.088,0.000,0.125,0.000,0.005,0.000,0.000,0.000,0.108,0.067,0.000,0.000,0.026,0.088,0.000,0.000,0.000,0.050,0.192,0.000
OR_EQU,0.000,0.000,0.000,0.000,0.000,0.000,0.115,0.000,0.000,0.199,0.026,0.000,0.000,0.046,0.008,0.000,0.076,0.002,0.000,0.000,0.000,0.008,0.111,0.000,0.000,0.067,0.000,0.000,0.000,0.078,0.000,0.000,0.000,0.220,0.165,0.000,0.000,0.200,0.152,0.000,0.000,0.220,0.000,0.000,0.000,0.193,0.126,0.000,0.000,0.149,0.000,0.000,0.000,0.044,0.100,0.000,0.000,0.205,0.000,0.000,0.081,0.000,0.000,0.000,0.227,0.000,0.000,0.000,0.000,0.000,0.000,0.180
ANDN_EQU,0.000,0.000,0.000,0.000,0.020,0.038,0.000,0.092,0.000,0.000,0.000,0.064,0.000,0.000,0.000,0.055,0.062,0.032,0.008,0.000,0.170,0.000,0.078,0.044,0.000,0.143,0.000,0.192,0.000,0.044,0.000,0.123,0.155,0.000,0.088,0.212,0.134,0.000,0.000,0.000,0.151,0.000,0.000,0.078,0.096,0.000,0.000,0.043,0.000,0.000,0.000,0.000,0.000,0.000,0.172,0.000,0.000,0.000,0.056,0.080,0.000,0.159,0.000,0.137,0.201,0.072,0.000,0.000,0.000,0.000,0.000,0.000
NOR_EQU,0.005,0.000,0.000,0.000,0.000,0.000,0.118,0.000,0.054,0.000,0.000,0.000,0.010,0.000,0.000,0.017,0.000,0.000,0.000,0.165,0.000,0.000,0.000,0.046,0.168,0.000,0.297,0.174,0.000,0.000,0.232,0.000,0.000,0.000,0.000,0.000,0.000,0.073,0.000,0.125,0.265,0.005,0.000,0.000,0.246,0.000,0.000,0.012,0.176,0.000,0.000,0.000,0.000,0.000,0.286,0.072,0.121,0.000,0.000,0.026,0.000,0.000,0.017,0.000,0.000,0.000,0.081,0.212,0.000,0.000,0.000,0.000
XOR_EQU,0.000,0.000,0.000,0.000,0.000,0.000,0.102,0.000,0.000,0.008,0.102,0.082,0.000,0.179,0.000,0.000,0.005,0.156,0.000,0.223,0.070,0.000,0.006,0.157,0.000,0.000,0.000,0.068,0.000,0.000,0.029,0.067,0.000,0.145,0.197,0.000,0.000,0.178,0.000,0.000,0.000,0.047,0.000,0.014,0.026,0.000,0.000,0.000,0.178,0.199,0.000,0.142,0.000,0.000,0.000,0.123,0.000,0.000,0.000,0.000,0.000,0.129,0.002,0.000,0.000,0.228,0.128,0.000,0.000,0.011,0.000,0.000
